timestamp,simple-path,time
2021-09-08 10:55:08.71,/master/welcome,1393
2021-09-08 10:55:09.33,/master/welcome,574
2021-09-08 10:55:10.158,/master/sign-in,650
2021-09-08 10:55:12.205,/master/welcome,1165
2021-09-08 10:55:16.969,/master/welcome,844
2021-09-08 10:55:18.299,/master/welcome,1212
2021-09-08 10:55:19.148,/master/welcome,545
2021-09-08 10:55:19.738,/master/welcome,525
2021-09-08 10:55:21.079,/master/sign-in,1210
2021-09-08 10:55:23.278,/master/welcome,1180
2021-09-08 10:55:24.82,/manager/task/create,1261
2021-09-08 10:55:27.987,/master/welcome,723
2021-09-08 10:55:29.448,/manager/task/list,1195
2021-09-08 10:55:33.219,/manager/task/show,1182
2021-09-08 10:55:34.515,/master/welcome,737
2021-09-08 10:55:35.309,/master/welcome,646
2021-09-08 10:55:35.893,/master/welcome,480
2021-09-08 10:55:36.643,/master/welcome,715
2021-09-08 10:55:37.374,/master/sign-in,607
2021-09-08 10:55:38.726,/master/welcome,607
2021-09-08 10:55:39.575,/manager/task/create,589
2021-09-08 10:55:41.542,/manager/task/create,633
2021-09-08 10:55:42.047,/master/welcome,439
2021-09-08 10:55:42.773,/master/welcome,605
2021-09-08 10:55:43.257,/master/welcome,395
2021-09-08 10:55:43.677,/master/welcome,388
2021-09-08 10:55:44.42,/master/sign-in,615
2021-09-08 10:55:45.942,/master/welcome,591
2021-09-08 10:55:46.81,/manager/task/create,591
2021-09-08 10:55:51.211,/manager/task/create,2912
2021-09-08 10:55:51.661,/master/welcome,397
2021-09-08 10:55:52.384,/master/welcome,599
2021-09-08 10:55:52.873,/master/welcome,414
2021-09-08 10:55:53.31,/master/welcome,392
2021-09-08 10:55:54.133,/master/sign-in,688
2021-09-08 10:55:55.527,/master/welcome,599
2021-09-08 10:55:57.604,/manager/task/create,1746
2021-09-08 10:55:59.685,/manager/task/create,625
2021-09-08 10:56:00.252,/master/welcome,497
2021-09-08 10:56:00.991,/master/welcome,618
2021-09-08 10:56:07.921,/master/welcome,691
2021-09-08 10:56:08.715,/master/welcome,749
2021-09-08 10:56:09.468,/master/sign-in,608
2021-09-08 10:56:10.825,/master/welcome,603
2021-09-08 10:56:13.428,/master/welcome,584
2021-09-08 10:56:14.155,/master/welcome,603
2021-09-08 10:56:14.76,/master/welcome,510
2021-09-08 10:56:15.456,/master/welcome,665
2021-09-08 10:56:16.183,/master/sign-in,592
2021-09-08 10:56:17.515,/master/welcome,598
2021-09-08 10:56:18.965,/manager/task/list,1157
2021-09-08 10:56:21.224,/manager/task/show,607
2021-09-08 10:56:22.194,/master/welcome,452
2021-09-08 10:56:23.0,/master/welcome,637
2021-09-08 10:56:23.577,/master/welcome,497
2021-09-08 10:56:24.07,/master/welcome,468
2021-09-08 10:56:24.789,/master/sign-in,595
2021-09-08 10:56:26.207,/master/welcome,631
2021-09-08 10:56:27.682,/manager/task/list,1212
2021-09-08 10:56:30.059,/manager/task/show,665
2021-09-08 10:56:31.051,/master/welcome,434
2021-09-08 10:56:31.75,/master/welcome,592
2021-09-08 10:56:32.361,/master/welcome,526
2021-09-08 10:56:32.89,/master/welcome,504
2021-09-08 10:56:33.643,/master/sign-in,636
2021-09-08 10:56:35.027,/master/welcome,607
2021-09-08 10:56:36.483,/manager/task/list,1196
2021-09-08 10:56:39.516,/manager/task/show,1232
2021-09-08 10:56:40.607,/master/welcome,468
2021-09-08 10:56:41.402,/master/welcome,661
2021-09-08 10:56:42.019,/master/welcome,518
2021-09-08 10:56:42.511,/master/welcome,440
2021-09-08 10:56:43.295,/master/sign-in,632
2021-09-08 10:56:44.632,/master/welcome,599
2021-09-08 10:56:46.116,/manager/task/list,1221
2021-09-08 10:56:48.9,/manager/task/show,1180
2021-09-08 10:56:50.032,/master/welcome,529
2021-09-08 10:56:50.763,/master/welcome,606
2021-09-08 10:56:51.386,/master/welcome,542
2021-09-08 10:56:51.889,/master/welcome,467
2021-09-08 10:56:52.642,/master/sign-in,617
2021-09-08 10:56:54.091,/master/welcome,615
2021-09-08 10:56:55.568,/manager/task/list,1171
2021-09-08 10:56:57.895,/manager/task/show,612
2021-09-08 10:56:58.825,/master/welcome,420
2021-09-08 10:56:59.54,/master/welcome,589
2021-09-08 10:57:05.62,/master/welcome,754
2021-09-08 10:57:06.231,/master/welcome,583
2021-09-08 10:57:06.988,/master/sign-in,620
2021-09-08 10:57:08.357,/master/welcome,592
2021-09-08 10:57:11.478,/master/welcome,549
2021-09-08 10:57:12.221,/master/welcome,603
2021-09-08 10:57:12.92,/master/welcome,607
2021-09-08 10:57:13.418,/master/welcome,469
2021-09-08 10:57:14.148,/master/sign-in,610
2021-09-08 10:57:15.554,/master/welcome,605
2021-09-08 10:57:17.021,/manager/task/list,1223
2021-09-08 10:57:18.445,/manager/task/show,1161
2021-09-08 10:57:20.129,/manager/task/list,617
2021-09-08 10:57:20.61,/master/welcome,443
2021-09-08 10:57:21.34,/master/welcome,594
2021-09-08 10:57:22.064,/master/welcome,588
2021-09-08 10:57:22.534,/master/welcome,438
2021-09-08 10:57:23.268,/master/sign-in,608
2021-09-08 10:57:24.686,/master/welcome,613
2021-09-08 10:57:26.277,/manager/task/list,1245
2021-09-08 10:57:27.794,/manager/task/show,1241
2021-09-08 10:57:29.469,/manager/task/list,609
2021-09-08 10:57:29.908,/master/welcome,413
2021-09-08 10:57:30.627,/master/welcome,596
2021-09-08 10:57:31.256,/master/welcome,534
2021-09-08 10:57:31.764,/master/welcome,476
2021-09-08 10:57:32.524,/master/sign-in,636
2021-09-08 10:57:33.859,/master/welcome,623
2021-09-08 10:57:35.365,/manager/task/list,1238
2021-09-08 10:57:36.308,/manager/task/show,621
2021-09-08 10:57:37.995,/manager/task/list,606
2021-09-08 10:57:38.486,/master/welcome,448
2021-09-08 10:57:39.246,/master/welcome,616
2021-09-08 10:57:39.888,/master/welcome,521
2021-09-08 10:57:40.469,/master/welcome,516
2021-09-08 10:57:41.241,/master/sign-in,642
2021-09-08 10:57:42.544,/master/welcome,614
2021-09-08 10:57:44.024,/manager/task/list,1178
2021-09-08 10:57:44.905,/manager/task/show,656
2021-09-08 10:57:46.603,/manager/task/list,621
2021-09-08 10:57:47.117,/master/welcome,472
2021-09-08 10:57:47.859,/master/welcome,622
2021-09-08 10:57:48.461,/master/welcome,522
2021-09-08 10:57:48.933,/master/welcome,431
2021-09-08 10:57:49.718,/master/sign-in,657
2021-09-08 10:57:51.24,/master/welcome,595
2021-09-08 10:57:52.789,/manager/task/list,1243
2021-09-08 10:57:54.322,/manager/task/show,1288
2021-09-08 10:57:56.022,/manager/task/list,609
2021-09-08 10:57:56.553,/master/welcome,496
2021-09-08 10:57:57.298,/master/welcome,624
2021-09-08 10:58:03.864,/master/welcome,661
2021-09-08 10:58:04.44,/master/welcome,540
2021-09-08 10:58:05.168,/master/sign-in,609
2021-09-08 10:58:06.513,/master/welcome,605
2021-09-08 10:58:09.644,/master/welcome,515
2021-09-08 10:58:10.383,/master/welcome,617
2021-09-08 10:58:11.063,/master/welcome,608
2021-09-08 10:58:11.648,/master/welcome,558
2021-09-08 10:58:12.38,/master/sign-in,610
2021-09-08 10:58:13.84,/master/welcome,616
2021-09-08 10:58:15.432,/manager/task/list,1279
2021-09-08 10:58:16.609,/manager/task/show,633
2021-09-08 10:58:19.654,/manager/task/list,666
2021-09-08 10:58:21.093,/manager/task/show,1158
2021-09-08 10:58:22.143,/master/welcome,476
2021-09-08 10:58:22.863,/master/welcome,590
2021-09-08 10:58:23.567,/master/welcome,580
2021-09-08 10:58:24.104,/master/welcome,503
2021-09-08 10:58:24.896,/master/sign-in,638
2021-09-08 10:58:26.303,/master/welcome,599
2021-09-08 10:58:27.789,/manager/task/list,1223
2021-09-08 10:58:28.929,/manager/task/show,615
2021-09-08 10:58:30.9,/manager/task/update,622
2021-09-08 10:58:31.508,/master/welcome,542
2021-09-08 10:58:32.271,/master/welcome,626
2021-09-08 10:58:38.616,/master/welcome,691
2021-09-08 10:58:39.214,/master/welcome,581
2021-09-08 10:58:39.943,/master/sign-in,611
2021-09-08 10:58:41.301,/master/welcome,597
2021-09-08 10:58:44.027,/master/welcome,631
2021-09-08 10:58:44.756,/master/welcome,600
2021-09-08 10:58:45.44,/master/welcome,563
2021-09-08 10:58:46.397,/anonymous/shout/list_recent,764
2021-09-08 10:58:47.764,/master/welcome,587
2021-09-08 10:58:48.673,/anonymous/shout/list_recent,704
2021-09-08 10:58:50.223,/master/welcome,513
2021-09-08 10:58:51.14,/anonymous/shout/list_recent,712
2021-09-08 10:58:52.502,/master/welcome,499
2021-09-08 10:58:53.418,/anonymous/shout/list_recent,695
2021-09-08 10:59:00.606,/master/welcome,873
2021-09-08 10:59:01.155,/master/welcome,515
2021-09-08 10:59:01.93,/master/sign-in,632
2021-09-08 10:59:03.282,/master/welcome,604
2021-09-08 10:59:05.813,/master/welcome,549
2021-09-08 10:59:06.542,/master/welcome,602
2021-09-08 10:59:07.185,/master/welcome,536
2021-09-08 10:59:08.649,/anonymous/shout/create,1220
2021-09-08 10:59:10.266,/anonymous/shout/create,1304
2021-09-08 10:59:11.041,/master/welcome,706
2021-09-08 10:59:12.526,/anonymous/shout/create,1194
2021-09-08 10:59:14.183,/anonymous/shout/create,1261
2021-09-08 10:59:14.975,/master/welcome,701
2021-09-08 10:59:15.795,/anonymous/shout/create,592
2021-09-08 10:59:16.933,/anonymous/shout/create,608
2021-09-08 10:59:17.524,/master/welcome,515
2021-09-08 10:59:18.342,/anonymous/shout/create,590
2021-09-08 10:59:19.319,/anonymous/shout/create,603
2021-09-08 10:59:19.89,/master/welcome,495
2021-09-08 10:59:20.729,/anonymous/shout/create,630
2021-09-08 10:59:21.738,/anonymous/shout/create,606
2021-09-08 10:59:22.376,/master/welcome,566
2021-09-08 10:59:23.166,/anonymous/shout/create,589
2021-09-08 10:59:24.191,/anonymous/shout/create,615
2021-09-08 10:59:24.745,/master/welcome,466
2021-09-08 10:59:25.65,/anonymous/shout/create,620
2021-09-08 10:59:26.724,/anonymous/shout/create,645
2021-09-08 10:59:27.397,/master/welcome,521
2021-09-08 10:59:28.222,/anonymous/shout/create,599
2021-09-08 10:59:29.265,/anonymous/shout/create,638
2021-09-08 10:59:29.814,/master/welcome,476
2021-09-08 10:59:30.664,/anonymous/shout/create,587
2021-09-08 10:59:32.747,/master/welcome,640
2021-09-08 10:59:33.717,/anonymous/shout/list_recent,707
2021-09-08 10:59:40.898,/master/welcome,683
2021-09-08 10:59:41.502,/master/welcome,570
2021-09-08 10:59:42.258,/master/sign-in,627
2021-09-08 10:59:43.625,/master/welcome,620
2021-09-08 10:59:46.68,/master/welcome,529
2021-09-08 10:59:47.42,/master/welcome,620
2021-09-08 10:59:48.106,/master/welcome,599
2021-09-08 10:59:49.514,/anonymous/task/list_public_non_finished,1196
2021-09-08 10:59:51.822,/anonymous/task/show,595
2021-09-08 10:59:52.829,/master/welcome,487
2021-09-08 10:59:53.75,/anonymous/task/list_public_non_finished,721
2021-09-08 10:59:56.121,/anonymous/task/show,632
2021-09-08 10:59:57.146,/master/welcome,455
2021-09-08 10:59:58.148,/anonymous/task/list_public_non_finished,685
2021-09-08 11:00:00.448,/anonymous/task/show,646
2021-09-08 11:00:01.582,/master/welcome,619
2021-09-08 11:00:02.526,/anonymous/task/list_public_non_finished,751
2021-09-08 11:00:04.991,/anonymous/task/show,601
2021-09-08 11:00:11.751,/master/welcome,870
2021-09-08 11:00:12.444,/master/welcome,649
2021-09-08 11:00:13.204,/master/sign-in,618
2021-09-08 11:00:14.523,/master/welcome,606
2021-09-08 11:00:17.845,/master/welcome,692
2021-09-08 11:00:19.171,/master/welcome,1180
2021-09-08 11:00:19.748,/master/welcome,501
2021-09-08 11:00:20.246,/master/welcome,466
2021-09-08 11:00:20.986,/master/sign-in,608
2021-09-08 11:00:22.326,/master/welcome,594
2021-09-08 11:00:23.825,/authenticated/task/list_public_finished,1254
2021-09-08 11:00:26.055,/authenticated/task/show,592
2021-09-08 11:00:27.052,/master/welcome,440
2021-09-08 11:00:27.812,/master/welcome,614
2021-09-08 11:00:28.548,/master/welcome,646
2021-09-08 11:00:29.018,/master/welcome,439
2021-09-08 11:00:29.716,/master/sign-in,591
2021-09-08 11:00:31.245,/master/welcome,625
2021-09-08 11:00:32.802,/authenticated/task/list_public_finished,1304
2021-09-08 11:00:34.981,/authenticated/task/show,664
2021-09-08 11:00:35.974,/master/welcome,497
2021-09-08 11:00:36.743,/master/welcome,649
2021-09-08 11:00:37.444,/master/welcome,615
2021-09-08 11:00:38.063,/master/welcome,589
2021-09-08 11:00:38.856,/master/sign-in,609
2021-09-08 11:00:40.318,/master/welcome,619
2021-09-08 11:00:41.812,/authenticated/task/list_public_finished,1199
2021-09-08 11:00:44.358,/authenticated/task/show,671
2021-09-08 11:00:45.319,/master/welcome,451
2021-09-08 11:00:46.068,/master/welcome,628
2021-09-08 11:00:47.038,/master/welcome,893
2021-09-08 11:00:47.546,/master/welcome,478
2021-09-08 11:00:48.312,/master/sign-in,617
2021-09-08 11:00:49.67,/master/welcome,588
2021-09-08 11:00:51.167,/authenticated/task/list_public_finished,1240
2021-09-08 11:00:54.058,/authenticated/task/show,1271
2021-09-08 11:00:55.026,/master/welcome,439
2021-09-08 11:00:55.751,/master/welcome,603
2021-09-08 11:00:56.433,/master/welcome,594
2021-09-08 11:00:56.982,/master/welcome,511
2021-09-08 11:00:57.695,/master/sign-in,611
2021-09-08 11:00:59.11,/master/welcome,631
2021-09-08 11:01:00.662,/authenticated/task/list_public_finished,1312
2021-09-08 11:01:02.876,/authenticated/task/show,624
2021-09-08 11:01:03.853,/master/welcome,424
2021-09-08 11:01:04.612,/master/welcome,636
2021-09-08 11:01:11.426,/master/welcome,765
2021-09-08 11:01:11.94,/master/welcome,479
2021-09-08 11:01:12.663,/master/sign-in,603
2021-09-08 11:01:14.089,/master/welcome,622
2021-09-08 11:01:16.639,/master/welcome,585
2021-09-08 11:01:17.369,/master/welcome,608
2021-09-08 11:01:17.964,/master/welcome,499
2021-09-08 11:01:18.628,/master/welcome,629
2021-09-08 11:01:19.168,/master/welcome,514
2021-09-08 11:01:19.898,/master/sign-in,606
2021-09-08 11:01:21.277,/master/welcome,590
2021-09-08 11:01:22.143,/authenticated/manager/create,619
2021-09-08 11:01:23.833,/master/welcome,629
2021-09-08 11:01:24.794,/manager/task/list,728
2021-09-08 11:01:25.321,/master/welcome,453
2021-09-08 11:01:33.085,/master/welcome,879
2021-09-08 11:01:33.632,/master/welcome,510
2021-09-08 11:01:34.366,/master/sign-in,609
2021-09-08 11:01:35.761,/master/welcome,610
2021-09-08 11:01:38.306,/master/welcome,563
2021-09-08 11:01:39.041,/master/welcome,606
2021-09-08 11:01:39.899,/master/welcome,737
2021-09-08 11:01:40.591,/master/welcome,658
2021-09-08 11:01:41.935,/anonymous/user-account/create,1224
2021-09-08 11:01:44.927,/master/welcome,666
2021-09-08 11:01:45.427,/master/welcome,430
2021-09-08 11:01:46.215,/master/sign-in,662
2021-09-08 11:01:48.168,/master/welcome,1185
2021-09-08 11:01:48.72,/master/welcome,468
2021-09-08 11:01:49.583,/master/welcome,686
2021-09-08 11:01:50.135,/master/welcome,478
2021-09-08 11:01:50.62,/master/welcome,453
2021-09-08 11:01:52.111,/anonymous/user-account/create,1368
2021-09-08 11:01:55.301,/master/welcome,609
2021-09-08 11:01:55.797,/master/welcome,436
2021-09-08 11:01:56.55,/master/sign-in,599
2021-09-08 11:01:58.009,/master/welcome,605
2021-09-08 11:01:58.593,/master/welcome,498
2021-09-08 11:01:59.338,/master/welcome,607
2021-09-08 11:02:00.039,/master/welcome,614
2021-09-08 11:02:00.561,/master/welcome,497
2021-09-08 11:02:01.836,/anonymous/user-account/create,1152
2021-09-08 11:02:04.881,/master/welcome,610
2021-09-08 11:02:05.393,/master/welcome,455
2021-09-08 11:02:06.115,/master/sign-in,591
2021-09-08 11:02:07.539,/master/welcome,603
2021-09-08 11:02:08.044,/master/welcome,426
2021-09-08 11:02:08.748,/master/welcome,588
2021-09-08 11:02:09.325,/master/welcome,497
2021-09-08 11:02:09.868,/master/welcome,511
2021-09-08 11:02:10.604,/anonymous/user-account/create,616
2021-09-08 11:02:13.7,/master/welcome,595
2021-09-08 11:02:14.277,/master/welcome,511
2021-09-08 11:02:14.995,/master/sign-in,596
2021-09-08 11:02:16.464,/master/welcome,601
2021-09-08 11:02:16.979,/master/welcome,438
2021-09-08 11:02:17.754,/master/welcome,602
2021-09-08 11:02:18.365,/master/welcome,531
2021-09-08 11:02:18.9,/master/welcome,514
2021-09-08 11:02:19.686,/anonymous/user-account/create,649
2021-09-08 11:02:22.75,/master/welcome,607
2021-09-08 11:02:23.255,/master/welcome,441
2021-09-08 11:02:24.032,/master/sign-in,619
2021-09-08 11:02:25.464,/master/welcome,628
2021-09-08 11:02:25.99,/master/welcome,422
2021-09-08 11:02:26.722,/master/welcome,610
2021-09-08 11:02:27.355,/master/welcome,521
2021-09-08 11:02:27.882,/master/welcome,481
2021-09-08 11:02:28.707,/anonymous/user-account/create,673
2021-09-08 11:02:31.793,/master/welcome,603
2021-09-08 11:02:32.343,/master/welcome,481
2021-09-08 11:02:33.13,/master/sign-in,655
2021-09-08 11:02:34.485,/master/welcome,592
2021-09-08 11:02:35.012,/master/welcome,451
2021-09-08 11:02:35.805,/master/welcome,631
2021-09-08 11:02:36.448,/master/welcome,540
2021-09-08 11:02:36.928,/master/welcome,452
2021-09-08 11:02:37.663,/anonymous/user-account/create,607
2021-09-08 11:02:40.756,/master/welcome,606
2021-09-08 11:02:41.257,/master/welcome,434
2021-09-08 11:02:42.038,/master/sign-in,647
2021-09-08 11:02:43.5,/master/welcome,603
2021-09-08 11:02:44.102,/master/welcome,497
2021-09-08 11:02:44.823,/master/welcome,590
2021-09-08 11:02:45.454,/master/welcome,530
2021-09-08 11:02:45.948,/master/welcome,468
2021-09-08 11:02:47.262,/anonymous/user-account/create,1178
2021-09-08 11:02:50.327,/master/welcome,606
2021-09-08 11:02:50.962,/master/welcome,570
2021-09-08 11:02:52.26,/master/sign-in,1145
2021-09-08 11:02:53.62,/master/welcome,601
2021-09-08 11:02:54.144,/master/welcome,448
2021-09-08 11:02:54.861,/master/welcome,595
2021-09-08 11:02:55.488,/master/welcome,535
2021-09-08 11:02:56.002,/master/welcome,488
2021-09-08 11:02:57.323,/anonymous/user-account/create,1201
2021-09-08 11:03:00.314,/master/welcome,605
2021-09-08 11:03:00.98,/master/welcome,548
2021-09-08 11:03:01.731,/master/sign-in,623
2021-09-08 11:03:03.142,/master/welcome,670
2021-09-08 11:03:03.658,/master/welcome,437
2021-09-08 11:03:04.394,/master/welcome,610
2021-09-08 11:03:05.17,/master/welcome,676
2021-09-08 11:03:05.682,/master/welcome,484
2021-09-08 11:03:06.99,/anonymous/user-account/create,1184
2021-09-08 11:03:09.968,/master/welcome,660
2021-09-08 11:03:10.515,/master/welcome,486
2021-09-08 11:03:11.293,/master/sign-in,632
2021-09-08 11:03:12.597,/master/welcome,608
2021-09-08 11:03:13.107,/master/welcome,430
2021-09-08 11:03:13.836,/master/welcome,606
2021-09-08 11:03:14.487,/master/welcome,567
2021-09-08 11:03:15.017,/master/welcome,502
2021-09-08 11:03:15.761,/anonymous/user-account/create,622
2021-09-08 11:03:18.781,/master/welcome,617
2021-09-08 11:03:19.359,/master/welcome,498
2021-09-08 11:03:20.134,/master/sign-in,631
2021-09-08 11:03:21.531,/master/welcome,605
2021-09-08 11:03:22.065,/master/welcome,457
2021-09-08 11:03:22.787,/master/welcome,606
2021-09-08 11:03:23.364,/master/welcome,481
2021-09-08 11:03:23.912,/master/welcome,514
2021-09-08 11:03:25.191,/anonymous/user-account/create,1157
2021-09-08 11:03:28.16,/master/welcome,606
2021-09-08 11:03:28.802,/master/welcome,560
2021-09-08 11:03:30.177,/master/sign-in,1209
2021-09-08 11:03:31.572,/master/welcome,602
2021-09-08 11:03:32.103,/master/welcome,440
2021-09-08 11:03:32.876,/master/welcome,625
2021-09-08 11:03:38.906,/master/welcome,888
2021-09-08 11:03:39.601,/master/welcome,659
2021-09-08 11:03:40.369,/master/sign-in,630
2021-09-08 11:03:41.755,/master/welcome,606
2021-09-08 11:03:44.999,/master/welcome,600
2021-09-08 11:03:45.728,/master/welcome,607
2021-09-08 11:03:46.519,/master/welcome,717
2021-09-08 11:03:47.019,/master/welcome,468
2021-09-08 11:03:47.783,/master/sign-in,637
2021-09-08 11:03:49.153,/master/welcome,590
2021-09-08 11:03:50.631,/administrator/customisation/update,1188
2021-09-08 11:03:52.171,/administrator/customisation/update,1232
2021-09-08 11:03:52.851,/administrator/customisation/update,614
2021-09-08 11:03:53.424,/master/welcome,515
2021-09-08 11:03:54.176,/master/welcome,613
2021-09-08 11:03:54.878,/master/welcome,604
2021-09-08 11:03:55.418,/master/welcome,514
2021-09-08 11:03:56.148,/master/sign-in,611
2021-09-08 11:03:57.488,/master/welcome,589
2021-09-08 11:03:58.91,/administrator/customisation/update,1176
2021-09-08 11:04:00.117,/administrator/customisation/update,660
2021-09-08 11:04:00.782,/administrator/customisation/update,611
2021-09-08 11:04:01.354,/master/welcome,511
2021-09-08 11:04:02.12,/master/welcome,648
2021-09-08 11:04:02.771,/master/welcome,558
2021-09-08 11:04:03.288,/master/welcome,485
2021-09-08 11:04:04.064,/master/sign-in,625
2021-09-08 11:04:05.506,/master/welcome,609
2021-09-08 11:04:06.406,/administrator/customisation/update,589
2021-09-08 11:04:07.43,/administrator/customisation/update,639
2021-09-08 11:04:08.15,/administrator/customisation/update,658
2021-09-08 11:04:08.866,/master/welcome,626
2021-09-08 11:04:09.606,/master/welcome,586
2021-09-08 11:04:10.194,/master/welcome,507
2021-09-08 11:04:10.717,/master/welcome,496
2021-09-08 11:04:11.432,/master/sign-in,606
2021-09-08 11:04:12.819,/master/welcome,609
2021-09-08 11:04:14.243,/administrator/customisation/update,1161
2021-09-08 11:04:16.307,/master/welcome,600
2021-09-08 11:04:17.664,/administrator/customisation/show,1150
2021-09-08 11:04:18.352,/master/welcome,518
2021-09-08 11:04:19.123,/master/welcome,633
2021-09-08 11:04:25.655,/master/welcome,832
2021-09-08 11:04:26.27,/master/welcome,579
2021-09-08 11:04:27.031,/master/sign-in,618
2021-09-08 11:04:28.414,/master/welcome,626
2021-09-08 11:04:30.977,/master/welcome,560
2021-09-08 11:04:31.713,/master/welcome,609
2021-09-08 11:04:32.366,/master/welcome,565
2021-09-08 11:04:33.047,/master/welcome,620
2021-09-08 11:04:33.773,/master/sign-in,605
2021-09-08 11:04:35.187,/master/welcome,601
2021-09-08 11:04:36.584,/administrator/customisation/show,1151
2021-09-08 11:04:37.311,/master/welcome,534
2021-09-08 11:04:38.085,/master/welcome,644
2021-09-08 11:04:46.841,/master/welcome,971
2021-09-08 11:04:48.099,/master/welcome,1177
2021-09-08 11:04:49.373,/master/sign-in,1143
2021-09-08 11:04:51.468,/master/welcome,1234
2021-09-08 11:04:54.698,/master/welcome,653
2021-09-08 11:04:56.038,/master/welcome,1216
2021-09-08 11:04:56.845,/master/welcome,695
2021-09-08 11:04:57.753,/master/welcome,830
2021-09-08 11:04:59.235,/master/sign-in,1315
2021-09-08 11:05:01.194,/master/welcome,1221
2021-09-08 11:05:02.604,/administrator/dashboard/show,1147
2021-09-08 11:05:04.482,/master/welcome,942
2021-09-08 11:05:05.851,/master/welcome,1248
